{
    "BLUE": [
        [
            7.3579771620952314,
            1.3873016793876904
        ],
        [
            10.971565622082352,
            1.153824999170541
        ],
        [
            14.476324840957188,
            0.9348398569208731
        ],
        [
            17.84967360606069,
            0.6815426047449155
        ],
        [
            21.56893817263468,
            0.9500623113039047
        ],
        [
            24.99126233146016,
            2.271387900180429
        ],
        [
            27.958182800485147,
            4.180532877880704
        ],
        [
            30.45006775512197,
            7.3730014342660315
        ],
        [
            31.23383137082016,
            11.0540361086798
        ],
        [
            29.815740482028254,
            14.272060346755362
        ],
        [
            27.43085726701667,
            16.441499620550818
        ],
        [
            24.61283293603135,
            17.552156197324017
        ],
        [
            21.17368198435481,
            17.677202492856228
        ],
        [
            18.279018614242066,
            16.899220629265
        ],
        [
            14.815912516090833,
            16.77274721421826
        ],
        [
            11.266762906318958,
            16.837897206627005
        ],
        [
            7.3462419621821935,
            17.699237749121693
        ],
        [
            3.644655666535221,
            18.67512855911131
        ],
        [
            0.24384208178528347,
            19.459212954069425
        ],
        [
            -3.3784155688962816,
            19.86917734654544
        ],
        [
            -6.458504283442987,
            18.05164671192311
        ],
        [
            -8.318825707396226,
            14.484395315061763
        ],
        [
            -9.199311384835186,
            10.164423196979081
        ],
        [
            -8.65275034987741,
            6.650456979268343
        ],
        [
            -6.525447686091425,
            4.21944541777803
        ],
        [
            -2.735910240328284,
            3.0288938391267552
        ],
        [
            1.1518414338076814,
            2.0160277906882644
        ],
        [
            4.061926339414132,
            1.6133541300780492
        ]
    ],
    "YELLOW": [
        [
            6.8261366554144605,
            -2.7781994733086326
        ],
        [
            10.673728007245167,
            -2.918841027644423
        ],
        [
            14.084448648291044,
            -2.947083239455038
        ],
        [
            17.372637517066817,
            -2.976891402781641
        ],
        [
            21.28045717779261,
            -3.0540214911090784
        ],
        [
            25.848239321169714,
            -2.359774555680925
        ],
        [
            28.33014434825153,
            -1.1813851561945303
        ],
        [
            30.323534898514154,
            0.5554934339604807
        ],
        [
            32.35039845607864,
            2.507694084854798
        ],
        [
            33.569531995347575,
            4.22415426988142
        ],
        [
            34.88971321057257,
            7.082094038464768
        ],
        [
            35.50787245325475,
            11.94926153697387
        ],
        [
            33.92714090044672,
            14.492679625949206
        ],
        [
            32.634907707105555,
            16.039322307615873
        ],
        [
            30.02580859976384,
            18.828359730724028
        ],
        [
            27.745183941006395,
            20.681826140854366
        ],
        [
            25.139082147456104,
            21.341985028629605
        ],
        [
            21.516316237838115,
            21.671218578476847
        ],
        [
            17.756337017433744,
            21.04776468581657
        ],
        [
            14.534709898921005,
            20.00853494940386
        ],
        [
            12.136846544367257,
            20.274795657341418
        ],
        [
            9.473948903411323,
            20.967962535306576
        ],
        [
            6.576639116298078,
            21.918330911908583
        ],
        [
            3.6504620043616076,
            22.985178014760926
        ],
        [
            -2.0756600931574813,
            24.324094675180486
        ],
        [
            -4.645930684878288,
            24.155641101658183
        ],
        [
            -7.454220256937404,
            23.09361525179347
        ],
        [
            -9.958130818401996,
            20.620692289422756
        ],
        [
            -11.413620259551607,
            18.3336938049682
        ],
        [
            -12.252398906828018,
            15.282697694166028
        ],
        [
            -12.830395723299418,
            11.129705871569772
        ],
        [
            -12.745062897539942,
            7.271997799127048
        ],
        [
            -11.44966214762497,
            4.09358526804799
        ],
        [
            -8.07920611667096,
            0.6228913088771264
        ],
        [
            -3.4289882499531066,
            -1.4591438625420587
        ],
        [
            0.754525186264222,
            -2.208455100402083
        ],
        [
            3.4783091390983634,
            -2.4156437014777596
        ],
        [
            1.1113731695785447,
            -8.773308488277292
        ]
    ],