{
    "BLUE": [
        [
            8.242633079476253,
            1.4945736223758102
        ],
        [
            12.59890413345186,
            1.2242185084010957
        ],
        [
            16.76967538299432,
            0.9559452246204956
        ],
        [
            20.234026587371183,
            1.0241880774766878
        ],
        [
            23.26730392663065,
            1.4880387827180075
        ],
        [
            26.610924344877976,
            2.4139681213617505
        ],
        [
            29.832144814585195,
            3.8671763828212855
        ],
        [
            33.38094098565487,
            5.549336155166166
        ],
        [
            36.37810816453768,
            7.587854162936548
        ],
        [
            37.23044966238425,
            10.442617724640636
        ],
        [
            36.451816035005955,
            12.728258866450986
        ],
        [
            35.371402504481225,
            15.191357787058495
        ],
        [
            33.21419148427344,
            17.08658867847606
        ],
        [
            30.893849806607538,
            17.33852488604492
        ],
        [
            28.097582281078875,
            16.991849213497485
        ],
        [
            24.886294065010883,
            16.158855480383934
        ],
        [
            20.926890513949242,
            15.1016247586226
        ],
        [
            17.013866101272367,
            15.541737491177221
        ],
        [
            13.05383114073664,
            16.345825973863775
        ],
        [
            9.078230751673251,
            17.664044483896387
        ],
        [
            6.086625423389557,
            18.030536707973063
        ],
        [
            3.5322577922159097,
            17.16125104333434
        ],
        [
            0.8185988063232253,
            15.05807593800146
        ],
        [
            -1.36520770019949,
            12.793506810001853
        ],
        [
            -3.0725882976642955,
            9.821101965627866
        ],
        [
            -3.2966804610490814,
            6.005225488765252
        ],
        [
            -0.8790108736205398,
            2.7341245375114407
        ],
        [
            2.9622088796868833,
            1.7148088414544074
        ]
    ],
    "YELLOW": [
        [
            7.77399264458793,
            -2.570878716555128
        ],
        [
            12.262292329156004,
            -3.0556058472118544
        ],
        [
            16.730019502383342,
            -3.5799364559308233
        ],
        [
            20.762226284572698,
            -3.1874248668192204
        ],
        [
            25.221658930581704,
            -2.6459705987342277
        ],
        [
            28.789690331528668,
            -1.5803235295879687
        ],
        [
            32.77441977270257,
            -0.08514640174332028
        ],
        [
            36.66920416638669,
            2.3406035839641843
        ],
        [
            40.20955526843659,
            5.542074891326689
        ],
        [
            41.350824840444695,
            9.673298912758398
        ],
        [
            40.5761807857848,
            13.752672515528623
        ],
        [
            38.50562305892726,
            17.48957246971549
        ],
        [
            35.26984194616286,
            20.28742357675173
        ],
        [
            31.37997662062137,
            21.677876815672366
        ],
        [
            27.499952919016604,
            20.757636444891983
        ],
        [
            23.184911796853086,
            19.497062793543005
        ],
        [
            19.600239009404877,
            18.94765411714956
        ],
        [
            16.83768977512527,
            19.055467038900623
        ],
        [
            13.388586950253686,
            20.57289306142411
        ],
        [
            9.48431199769542,
            21.781886080960767
        ],
        [
            5.181976232521033,
            22.501413632219524
        ],
        [
            1.7381649445197764,
            20.728503305934662
        ],
        [
            -1.456890141463684,
            18.454597406653246
        ],
        [
            -4.186298923013784,
            15.480674660551044
        ],
        [
            -6.420865984171308,
            12.53368534028132
        ],
        [
            -7.411463167249038,
            8.858578030069221
        ],
        [
            -6.96089675860256,
            4.836817150745625
        ],
        [
            -5.148873410965861,
            1.5221802970410996
        ],
        [
            -1.9106879669005972,
            -1.2464869521788924
        ],
        [
            2.4368011386549795,
            -1.9573986486022539
        ]
    ],